"id","classroom","direction","timestamp"
"1","comsys_30/03","IN","2026-03-30 09:00:00"
"2","comsys_30/03","IN","2026-03-30 09:00:03"
"3","comsys_30/03","IN","2026-03-30 09:00:06"
"4","comsys_30/03","IN","2026-03-30 09:00:07"
"5","comsys_30/03","IN","2026-03-30 09:00:08"
"6","comsys_30/03","IN","2026-03-30 09:00:09"
"7","comsys_30/03","IN","2026-03-30 09:00:10"
"8","comsys_30/03","IN","2026-03-30 09:00:11"
"9","comsys_30/03","IN","2026-03-30 09:00:14"
"10","comsys_30/03","IN","2026-03-30 09:00:16"
"11","comsys_30/03","IN","2026-03-30 09:00:25"
"12","comsys_30/03","IN","2026-03-30 09:00:26"
"13","comsys_30/03","IN","2026-03-30 09:00:27"
"14","comsys_30/03","IN","2026-03-30 09:00:29"
"15","comsys_30/03","IN","2026-03-30 09:00:31"
"16","comsys_30/03","IN","2026-03-30 09:00:35"
"17","comsys_30/03","OUT","2026-03-30 09:00:46"
"18","comsys_30/03","IN","2026-03-30 09:01:12"
"19","comsys_30/03","IN","2026-03-30 09:01:15"
"20","comsys_30/03","IN","2026-03-30 09:01:26"
"21","comsys_30/03","IN","2026-03-30 09:01:27"
"22","comsys_30/03","OUT","2026-03-30 09:01:28"
"23","comsys_30/03","OUT","2026-03-30 09:01:29"
"24","comsys_30/03","OUT","2026-03-30 09:01:30"
"25","comsys_30/03","OUT","2026-03-30 09:01:31"
"26","comsys_30/03","IN","2026-03-30 09:01:32"
"27","comsys_30/03","OUT","2026-03-30 09:01:33"
"28","comsys_30/03","IN","2026-03-30 09:01:37"
"29","comsys_30/03","IN","2026-03-30 09:01:41"
"30","comsys_30/03","IN","2026-03-30 09:01:45"
"31","comsys_30/03","IN","2026-03-30 09:01:49"
"32","comsys_30/03","IN","2026-03-30 09:01:53"
"33","comsys_30/03","IN","2026-03-30 09:01:57"
"34","comsys_30/03","IN","2026-03-30 09:02:01"
"35","comsys_30/03","IN","2026-03-30 09:02:05"
"36","comsys_30/03","IN","2026-03-30 09:02:09"
"37","comsys_30/03","IN","2026-03-30 09:02:13"
"38","comsys_30/03","OUT","2026-03-30 09:02:17"
"39","comsys_30/03","OUT","2026-03-30 09:02:18"
"40","comsys_30/03","OUT","2026-03-30 09:02:23"
"41","comsys_30/03","OUT","2026-03-30 09:02:28"
"42","comsys_30/03","IN","2026-03-30 09:02:33"
"43","comsys_30/03","IN","2026-03-30 09:02:34"
"44","comsys_30/03","IN","2026-03-30 09:02:35"
"45","comsys_30/03","OUT","2026-03-30 09:02:36"
"46","comsys_30/03","IN","2026-03-30 09:02:37"
"47","comsys_30/03","OUT","2026-03-30 09:02:38"
"48","comsys_30/03","IN","2026-03-30 09:02:39"
"49","comsys_30/03","OUT","2026-03-30 09:02:44"
"50","comsys_30/03","IN","2026-03-30 09:02:49"
"51","comsys_30/03","IN","2026-03-30 09:03:12"
"52","comsys_30/03","IN","2026-03-30 09:03:35"
"53","comsys_30/03","IN","2026-03-30 09:04:56"
"54","comsys_30/03","OUT","2026-03-30 09:08:13"
"55","comsys_30/03","IN","2026-03-30 09:10:29"
"56","comsys_30/03","OUT","2026-03-30 09:12:33"
"57","comsys_30/03","OUT","2026-03-30 09:19:04"
"58","comsys_30/03","OUT","2026-03-30 09:20:15"
"59","comsys_30/03","IN","2026-03-30 09:25:14"
"60","comsys_30/03","IN","2026-03-30 09:30:13"
"61","comsys_30/03","OUT","2026-03-30 09:30:48"
"62","comsys_30/03","OUT","2026-03-30 09:30:50"
"63","comsys_30/03","OUT","2026-03-30 09:30:52"
"64","comsys_30/03","IN","2026-03-30 09:30:54"
"65","comsys_30/03","IN","2026-03-30 09:30:56"
"66","comsys_30/03","OUT","2026-03-30 09:30:57"
"67","comsys_30/03","OUT","2026-03-30 09:30:58"
"68","comsys_30/03","OUT","2026-03-30 09:31:03"
"69","comsys_30/03","OUT","2026-03-30 09:31:07"
"70","comsys_30/03","OUT","2026-03-30 09:31:12"
"71","comsys_30/03","OUT","2026-03-30 09:31:16"
"72","comsys_30/03","OUT","2026-03-30 09:31:17"
"73","comsys_30/03","IN","2026-03-30 09:31:18"
"74","comsys_30/03","IN","2026-03-30 09:31:19"
"75","comsys_30/03","OUT","2026-03-30 09:31:20"
"76","comsys_30/03","OUT","2026-03-30 09:31:21"
"77","comsys_30/03","OUT","2026-03-30 09:31:23"
"78","comsys_30/03","OUT","2026-03-30 09:31:25"
"79","comsys_30/03","IN","2026-03-30 09:31:27"
"80","comsys_30/03","OUT","2026-03-30 09:31:29"
"81","comsys_30/03","IN","2026-03-30 09:31:31"
"82","comsys_30/03","IN","2026-03-30 09:31:39"
"83","comsys_30/03","IN","2026-03-30 09:31:40"
"84","comsys_30/03","IN","2026-03-30 09:31:42"
"85","comsys_30/03","IN","2026-03-30 09:31:44"
"86","comsys_30/03","IN","2026-03-30 09:31:46"
"87","comsys_30/03","OUT","2026-03-30 09:31:48"
"88","comsys_30/03","IN","2026-03-30 09:31:50"
"89","comsys_30/03","OUT","2026-03-30 09:31:51"
"90","comsys_30/03","IN","2026-03-30 09:31:52"
"91","comsys_30/03","IN","2026-03-30 09:31:53"
"92","comsys_30/03","OUT","2026-03-30 09:31:54"
"93","comsys_30/03","IN","2026-03-30 09:31:55"
"94","comsys_30/03","IN","2026-03-30 09:31:56"
"95","comsys_30/03","OUT","2026-03-30 09:31:57"
"96","comsys_30/03","OUT","2026-03-30 09:31:58"
"97","comsys_30/03","OUT","2026-03-30 09:31:59"
"98","comsys_30/03","OUT","2026-03-30 09:32:00"
"99","comsys_30/03","OUT","2026-03-30 09:32:01"
"100","comsys_30/03","OUT","2026-03-30 09:32:02"
"101","comsys_30/03","OUT","2026-03-30 09:32:03"
"102","comsys_30/03","IN","2026-03-30 09:32:04"
"103","comsys_30/03","OUT","2026-03-30 09:32:05"
"104","comsys_30/03","IN","2026-03-30 09:32:06"
"105","comsys_30/03","OUT","2026-03-30 09:32:07"
"106","comsys_30/03","OUT","2026-03-30 09:32:08"
"107","comsys_30/03","OUT","2026-03-30 09:32:12"
"108","comsys_30/03","OUT","2026-03-30 09:32:16"
"109","comsys_30/03","OUT","2026-03-30 09:32:32"
"110","comsys_30/03","IN","2026-03-30 09:32:33"
"111","comsys_30/03","IN","2026-03-30 09:32:34"
"112","comsys_30/03","IN","2026-03-30 09:32:35"
"113","comsys_30/03","OUT","2026-03-30 09:32:36"
"114","comsys_30/03","IN","2026-03-30 09:32:37"
"115","comsys_30/03","OUT","2026-03-30 09:32:38"
"116","comsys_30/03","IN","2026-03-30 09:32:39"
"117","comsys_30/03","IN","2026-03-30 09:32:40"
"118","comsys_30/03","OUT","2026-03-30 09:32:41"
"119","comsys_30/03","IN","2026-03-30 09:32:42"
"120","comsys_30/03","OUT","2026-03-30 09:32:44"
"121","comsys_30/03","IN","2026-03-30 09:32:45"
"122","comsys_30/03","OUT","2026-03-30 09:32:47"
"123","comsys_30/03","OUT","2026-03-30 09:32:48"
"124","comsys_30/03","IN","2026-03-30 09:32:49"
"125","comsys_30/03","OUT","2026-03-30 09:32:53"
"126","comsys_30/03","IN","2026-03-30 09:32:57"
"127","comsys_30/03","OUT","2026-03-30 09:33:01"
"128","comsys_30/03","OUT","2026-03-30 09:33:05"
"129","comsys_30/03","OUT","2026-03-30 09:33:09"
"130","comsys_30/03","OUT","2026-03-30 09:33:13"
"131","comsys_30/03","IN","2026-03-30 09:33:17"
"132","comsys_30/03","OUT","2026-03-30 09:33:18"
"133","comsys_30/03","IN","2026-03-30 09:33:19"
"134","comsys_30/03","OUT","2026-03-30 09:33:20"
"135","comsys_30/03","OUT","2026-03-30 09:33:21"
"136","comsys_30/03","IN","2026-03-30 09:33:22"
"137","comsys_30/03","IN","2026-03-30 09:33:23"
"138","comsys_30/03","IN","2026-03-30 09:33:25"
"139","comsys_30/03","OUT","2026-03-30 09:33:27"
"140","comsys_30/03","IN","2026-03-30 09:33:29"
"141","comsys_30/03","IN","2026-03-30 09:33:30"
"142","comsys_30/03","OUT","2026-03-30 09:33:31"
"143","comsys_30/03","IN","2026-03-30 09:33:32"
"144","comsys_30/03","OUT","2026-03-30 09:33:33"
"145","comsys_30/03","IN","2026-03-30 09:33:34"
"146","comsys_30/03","OUT","2026-03-30 09:33:35"
"147","comsys_30/03","IN","2026-03-30 09:33:36"
"148","comsys_30/03","IN","2026-03-30 09:33:40"
"149","comsys_30/03","IN","2026-03-30 09:33:44"
"150","comsys_30/03","IN","2026-03-30 09:33:45"
"151","comsys_30/03","IN","2026-03-30 09:33:46"
"152","comsys_30/03","IN","2026-03-30 09:33:47"
"153","comsys_30/03","OUT","2026-03-30 09:33:49"
"154","comsys_30/03","IN","2026-03-30 09:33:50"
"155","comsys_lab_30/03","OUT","2026-03-30 13:00:00"
"156","comsys_lab_30/03","OUT","2026-03-30 13:00:33"
"157","comsys_lab_30/03","IN","2026-03-30 13:00:35"
"158","comsys_lab_30/03","OUT","2026-03-30 13:00:37"
"159","comsys_lab_30/03","IN","2026-03-30 13:00:38"
"160","comsys_lab_30/03","OUT","2026-03-30 13:00:39"
"161","comsys_lab_30/03","IN","2026-03-30 13:00:40"
"162","comsys_lab_30/03","IN","2026-03-30 13:00:41"
"163","comsys_lab_30/03","OUT","2026-03-30 13:00:42"
"164","comsys_lab_30/03","IN","2026-03-30 13:00:43"
"165","comsys_lab_30/03","IN","2026-03-30 13:00:44"
"166","comsys_lab_30/03","IN","2026-03-30 13:00:45"
"167","comsys_lab_30/03","IN","2026-03-30 13:00:46"
"168","comsys_lab_30/03","IN","2026-03-30 13:00:47"
"169","comsys_lab_30/03","IN","2026-03-30 13:00:48"
"170","comsys_lab_30/03","IN","2026-03-30 13:00:49"
"171","comsys_lab_30/03","OUT","2026-03-30 13:00:50"
"172","comsys_lab_30/03","IN","2026-03-30 13:00:51"
"173","comsys_lab_30/03","IN","2026-03-30 13:00:52"
"174","comsys_lab_30/03","OUT","2026-03-30 13:00:53"
"175","comsys_lab_30/03","IN","2026-03-30 13:00:54"
"176","comsys_lab_30/03","OUT","2026-03-30 13:00:55"
"177","comsys_lab_30/03","IN","2026-03-30 13:00:56"
"178","comsys_lab_30/03","IN","2026-03-30 13:00:57"
"179","comsys_lab_30/03","IN","2026-03-30 13:00:58"
"180","comsys_lab_30/03","IN","2026-03-30 13:00:59"
"181","comsys_lab_30/03","OUT","2026-03-30 13:01:00"
"182","comsys_lab_30/03","IN","2026-03-30 13:01:01"
"183","comsys_lab_30/03","OUT","2026-03-30 13:01:02"
"184","comsys_lab_30/03","IN","2026-03-30 13:01:03"
"185","comsys_lab_30/03","OUT","2026-03-30 13:01:06"
"186","comsys_lab_30/03","IN","2026-03-30 13:01:09"
"187","comsys_lab_30/03","IN","2026-03-30 13:01:12"
"188","comsys_lab_30/03","OUT","2026-03-30 13:01:15"
"189","comsys_lab_30/03","IN","2026-03-30 13:01:18"
"190","comsys_lab_30/03","IN","2026-03-30 13:01:20"
"191","comsys_lab_30/03","IN","2026-03-30 13:01:22"
"192","comsys_lab_30/03","IN","2026-03-30 13:01:24"
"193","comsys_lab_30/03","IN","2026-03-30 13:01:25"
"194","comsys_lab_30/03","OUT","2026-03-30 13:01:26"
"195","comsys_lab_30/03","IN","2026-03-30 13:01:27"
"196","comsys_lab_30/03","IN","2026-03-30 13:01:28"
"197","comsys_lab_30/03","OUT","2026-03-30 13:01:29"
"198","comsys_lab_30/03","IN","2026-03-30 13:01:30"
"199","comsys_lab_30/03","OUT","2026-03-30 13:01:32"
"200","comsys_lab_30/03","IN","2026-03-30 13:01:34"
"201","comsys_lab_30/03","OUT","2026-03-30 13:01:36"
"202","comsys_lab_30/03","IN","2026-03-30 13:01:38"
"203","comsys_lab_30/03","IN","2026-03-30 13:01:40"
"204","comsys_lab_30/03","IN","2026-03-30 13:01:42"
"205","comsys_lab_30/03","OUT","2026-03-30 13:01:44"
"206","comsys_lab_30/03","IN","2026-03-30 13:01:45"
"207","comsys_lab_30/03","OUT","2026-03-30 13:01:46"
"208","comsys_lab_30/03","IN","2026-03-30 13:01:47"
"209","comsys_lab_30/03","IN","2026-03-30 13:01:48"
"210","comsys_lab_30/03","OUT","2026-03-30 13:01:49"
"211","comsys_lab_30/03","IN","2026-03-30 13:01:50"
"212","comsys_lab_30/03","OUT","2026-03-30 13:01:51"
"213","comsys_lab_30/03","IN","2026-03-30 13:01:52"
"214","comsys_lab_30/03","IN","2026-03-30 13:01:53"
"215","comsys_lab_30/03","OUT","2026-03-30 13:01:56"
"216","comsys_lab_30/03","OUT","2026-03-30 13:02:00"
"217","comsys_lab_30/03","OUT","2026-03-30 13:02:07"
"218","comsys_lab_30/03","IN","2026-03-30 13:02:09"
"219","comsys_lab_30/03","OUT","2026-03-30 13:02:11"
"220","comsys_lab_30/03","IN","2026-03-30 13:02:12"
"221","comsys_lab_30/03","OUT","2026-03-30 13:02:13"
"222","comsys_lab_30/03","IN","2026-03-30 13:02:14"
"223","comsys_lab_30/03","OUT","2026-03-30 13:02:15"
"224","comsys_lab_30/03","IN","2026-03-30 13:02:16"
"225","comsys_lab_30/03","OUT","2026-03-30 13:02:17"
"226","comsys_lab_30/03","IN","2026-03-30 13:02:18"
"227","comsys_lab_30/03","IN","2026-03-30 13:02:19"
"228","comsys_lab_30/03","OUT","2026-03-30 13:02:20"
"229","comsys_lab_30/03","IN","2026-03-30 13:02:22"
"230","comsys_lab_30/03","OUT","2026-03-30 13:02:24"
"231","comsys_lab_30/03","IN","2026-03-30 13:02:27"
"232","comsys_lab_30/03","IN","2026-03-30 13:02:32"
"233","comsys_lab_30/03","OUT","2026-03-30 13:02:33"
"234","comsys_lab_30/03","IN","2026-03-30 13:02:36"
"235","comsys_lab_30/03","OUT","2026-03-30 13:02:37"
"236","comsys_lab_30/03","IN","2026-03-30 13:02:38"
"237","comsys_lab_30/03","IN","2026-03-30 13:02:39"
"238","comsys_lab_30/03","OUT","2026-03-30 13:02:40"
"239","comsys_lab_30/03","OUT","2026-03-30 13:02:41"
"240","comsys_lab_30/03","OUT","2026-03-30 13:02:43"
"241","comsys_lab_30/03","OUT","2026-03-30 13:02:45"
"242","comsys_lab_30/03","OUT","2026-03-30 13:02:46"
"243","comsys_lab_30/03","IN","2026-03-30 13:02:47"
"244","comsys_lab_30/03","OUT","2026-03-30 13:02:48"
"245","comsys_lab_30/03","OUT","2026-03-30 13:02:50"
"246","comsys_lab_30/03","IN","2026-03-30 13:02:52"
"247","comsys_lab_30/03","IN","2026-03-30 13:02:53"
"248","comsys_lab_30/03","OUT","2026-03-30 13:02:54"
"249","comsys_lab_30/03","OUT","2026-03-30 13:02:55"
"250","comsys_lab_30/03","OUT","2026-03-30 13:02:56"
"251","comsys_lab_30/03","OUT","2026-03-30 13:02:57"
"252","comsys_lab_30/03","OUT","2026-03-30 13:02:58"
"253","comsys_lab_30/03","OUT","2026-03-30 13:02:59"
"254","comsys_lab_30/03","OUT","2026-03-30 13:03:00"
"255","comsys_lab_30/03","OUT","2026-03-30 13:03:01"
"256","comsys_lab_30/03","OUT","2026-03-30 13:03:02"
"257","comsys_lab_30/03","IN","2026-03-30 13:03:03"
"258","comsys_lab_30/03","OUT","2026-03-30 13:03:04"
"259","comsys_lab_30/03","OUT","2026-03-30 13:03:05"
"260","comsys_lab_30/03","OUT","2026-03-30 13:03:10"
"261","comsys_lab_30/03","OUT","2026-03-30 13:03:27"
"262","comsys_lab_30/03","OUT","2026-03-30 13:03:41"
"263","comsys_lab_30/03","OUT","2026-03-30 13:03:42"
"264","comsys_lab_30/03","OUT","2026-03-30 13:03:43"
"265","comsys_lab_30/03","OUT","2026-03-30 13:03:44"
"266","comsys_lab_30/03","IN","2026-03-30 13:03:45"
"267","comsys_lab_30/03","IN","2026-03-30 13:03:47"
"268","comsys_lab_30/03","IN","2026-03-30 13:03:49"
"269","comsys_lab_30/03","OUT","2026-03-30 13:03:51"
"270","comsys_lab_30/03","IN","2026-03-30 13:03:53"
"271","comsys_lab_30/03","OUT","2026-03-30 13:03:58"
"272","comsys_lab_30/03","IN","2026-03-30 13:04:02"
"273","comsys_lab_30/03","OUT","2026-03-30 13:04:12"
"274","comsys_lab_30/03","OUT","2026-03-30 13:04:22"
"275","comsys_lab_30/03","IN","2026-03-30 13:04:32"
"276","comsys_lab_30/03","IN","2026-03-30 13:05:05"
"277","comsys_lab_30/03","OUT","2026-03-30 13:05:56"
"278","comsys_lab_30/03","OUT","2026-03-30 13:05:57"
"279","comsys_lab_30/03","OUT","2026-03-30 13:05:59"
"280","comsys_lab_30/03","OUT","2026-03-30 13:06:01"
"281","comsys_lab_30/03","IN","2026-03-30 13:06:03"
"282","comsys_lab_30/03","OUT","2026-03-30 13:06:04"
"283","comsys_lab_30/03","IN","2026-03-30 13:06:05"
"284","comsys_lab_30/03","IN","2026-03-30 13:06:06"
"285","comsys_lab_30/03","OUT","2026-03-30 13:06:07"
"286","comsys_lab_30/03","IN","2026-03-30 13:06:08"
"287","comsys_lab_30/03","IN","2026-03-30 13:06:09"
"288","comsys_lab_30/03","OUT","2026-03-30 13:06:10"
"289","comsys_lab_30/03","OUT","2026-03-30 13:06:11"
"290","comsys_lab_30/03","OUT","2026-03-30 13:06:12"
"291","comsys_lab_30/03","OUT","2026-03-30 13:06:13"
"292","comsys_lab_30/03","OUT","2026-03-30 13:06:15"
"293","comsys_lab_30/03","OUT","2026-03-30 13:06:16"
"294","comsys_lab_30/03","OUT","2026-03-30 13:06:17"
"295","comsys_lab_30/03","OUT","2026-03-30 13:06:18"
"296","comsys_lab_30/03","OUT","2026-03-30 13:06:19"
"297","comdesign_02/04","IN","2026-04-02 13:00:00"
"298","comdesign_02/04","IN","2026-04-02 13:00:06"
"299","comdesign_02/04","IN","2026-04-02 13:00:08"
"300","comdesign_02/04","IN","2026-04-02 13:00:09"
"301","comdesign_02/04","IN","2026-04-02 13:00:10"
"302","comdesign_02/04","IN","2026-04-02 13:00:12"
"303","comdesign_02/04","IN","2026-04-02 13:00:14"
"304","comdesign_02/04","IN","2026-04-02 13:00:16"
"305","comdesign_02/04","IN","2026-04-02 13:00:20"
"306","comdesign_02/04","IN","2026-04-02 13:00:38"
"307","comdesign_02/04","IN","2026-04-02 13:00:51"
"308","comdesign_02/04","IN","2026-04-02 13:00:53"
"309","comdesign_02/04","OUT","2026-04-02 13:00:55"
"310","comdesign_02/04","IN","2026-04-02 13:00:58"
"311","comdesign_02/04","IN","2026-04-02 13:01:00"
"312","comdesign_02/04","IN","2026-04-02 13:01:02"
"313","comdesign_02/04","IN","2026-04-02 13:01:04"
"314","comdesign_02/04","OUT","2026-04-02 13:01:06"
"315","comdesign_02/04","OUT","2026-04-02 13:01:11"
"316","comdesign_02/04","OUT","2026-04-02 13:01:35"
"317","comdesign_02/04","OUT","2026-04-02 13:01:41"
"318","comdesign_02/04","OUT","2026-04-02 13:01:42"
"319","comdesign_02/04","IN","2026-04-02 13:01:43"
"320","comdesign_02/04","IN","2026-04-02 13:01:44"
"321","comdesign_02/04","OUT","2026-04-02 13:01:45"
"322","comdesign_02/04","OUT","2026-04-02 13:01:46"
"323","comdesign_02/04","IN","2026-04-02 13:01:47"
"324","comdesign_02/04","OUT","2026-04-02 13:01:48"
"325","comdesign_02/04","IN","2026-04-02 13:01:53"
"326","comdesign_02/04","IN","2026-04-02 13:02:01"
"327","comdesign_02/04","IN","2026-04-02 13:02:13"
"328","comdesign_02/04","IN","2026-04-02 13:02:42"
"329","comdesign_02/04","OUT","2026-04-02 13:02:44"
"330","comdesign_02/04","IN","2026-04-02 13:02:46"
"331","comdesign_02/04","IN","2026-04-02 13:02:56"
"332","comdesign_02/04","IN","2026-04-02 13:02:57"
"333","comdesign_02/04","IN","2026-04-02 13:02:58"
"334","comdesign_02/04","OUT","2026-04-02 13:03:02"
"335","comdesign_02/04","IN","2026-04-02 13:03:06"
"336","comdesign_02/04","OUT","2026-04-02 13:03:15"
"337","comdesign_02/04","IN","2026-04-02 13:03:22"
"338","comdesign_02/04","IN","2026-04-02 13:03:31"
"339","comdesign_02/04","IN","2026-04-02 13:03:37"
"340","comdesign_02/04","IN","2026-04-02 13:03:39"
"341","comdesign_02/04","IN","2026-04-02 13:03:40"
"342","comdesign_02/04","IN","2026-04-02 13:03:41"
"343","comdesign_02/04","OUT","2026-04-02 13:03:44"
"344","comdesign_02/04","OUT","2026-04-02 13:03:47"
"345","comdesign_02/04","OUT","2026-04-02 13:03:48"
"346","comdesign_02/04","OUT","2026-04-02 13:03:49"
"347","comdesign_02/04","OUT","2026-04-02 13:03:51"
"348","comdesign_02/04","OUT","2026-04-02 13:03:53"
"349","comdesign_02/04","OUT","2026-04-02 13:03:54"
"350","comdesign_02/04","IN","2026-04-02 13:03:55"
"351","comdesign_02/04","IN","2026-04-02 13:03:58"
"352","comdesign_02/04","IN","2026-04-02 13:04:01"
"353","comdesign_02/04","IN","2026-04-02 13:04:02"
"354","comdesign_02/04","IN","2026-04-02 13:04:03"
"355","comdesign_02/04","IN","2026-04-02 13:04:04"
"356","comdesign_02/04","OUT","2026-04-02 13:04:05"
"357","comdesign_02/04","IN","2026-04-02 13:04:06"
"358","comdesign_02/04","IN","2026-04-02 13:04:08"
"359","comdesign_02/04","IN","2026-04-02 13:04:10"
"360","comdesign_02/04","IN","2026-04-02 13:04:12"
"361","comdesign_02/04","IN","2026-04-02 13:04:14"
"362","comdesign_02/04","IN","2026-04-02 13:04:16"
"363","comdesign_02/04","IN","2026-04-02 13:04:18"
"364","comdesign_02/04","IN","2026-04-02 13:04:20"
"365","comdesign_02/04","IN","2026-04-02 13:04:22"
"366","comdesign_02/04","IN","2026-04-02 13:04:24"
"367","comdesign_02/04","IN","2026-04-02 13:04:26"
"368","comdesign_02/04","IN","2026-04-02 13:04:27"
"369","comdesign_02/04","IN","2026-04-02 13:04:29"
"370","comdesign_02/04","OUT","2026-04-02 13:04:31"
"371","comdesign_02/04","IN","2026-04-02 13:04:33"
"372","comdesign_02/04","IN","2026-04-02 13:04:35"
"373","comdesign_02/04","IN","2026-04-02 13:04:37"
"374","comdesign_02/04","OUT","2026-04-02 13:04:39"
"375","comdesign_02/04","IN","2026-04-02 13:04:41"
"376","comdesign_02/04","IN","2026-04-02 13:04:43"
"377","comdesign_02/04","IN","2026-04-02 13:04:45"
"378","comdesign_02/04","IN","2026-04-02 13:04:47"
"379","comdesign_02/04","OUT","2026-04-02 13:04:49"
"380","comdesign_02/04","OUT","2026-04-02 13:04:51"
"381","comdesign_02/04","OUT","2026-04-02 13:04:53"
"382","comdesign_02/04","OUT","2026-04-02 13:04:55"
"383","comdesign_02/04","OUT","2026-04-02 13:04:57"
"384","comdesign_02/04","OUT","2026-04-02 13:05:04"
"385","comdesign_02/04","OUT","2026-04-02 13:05:11"
"386","comdesign_02/04","IN","2026-04-02 13:05:18"
"387","comdesign_02/04","IN","2026-04-02 13:05:20"
"388","comdesign_02/04","IN","2026-04-02 13:05:21"
"389","comdesign_02/04","IN","2026-04-02 13:05:22"
"390","comdesign_02/04","IN","2026-04-02 13:05:24"
"391","comdesign_02/04","OUT","2026-04-02 13:05:26"
"392","comdesign_02/04","OUT","2026-04-02 13:05:27"
"393","comdesign_02/04","OUT","2026-04-02 13:05:28"
"394","comdesign_02/04","IN","2026-04-02 13:05:29"
"395","comdesign_02/04","OUT","2026-04-02 13:05:30"
"396","comdesign_02/04","OUT","2026-04-02 13:05:32"
"397","comdesign_02/04","IN","2026-04-02 13:05:34"
"398","comdesign_02/04","IN","2026-04-02 13:05:36"
"399","comdesign_02/04","IN","2026-04-02 13:05:38"
"400","comdesign_02/04","IN","2026-04-02 13:05:40"
"401","comdesign_02/04","IN","2026-04-02 13:05:41"
"402","comdesign_02/04","OUT","2026-04-02 13:05:42"
"403","comdesign_02/04","IN","2026-04-02 13:05:43"
"404","comdesign_02/04","OUT","2026-04-02 13:05:44"
"405","comdesign_02/04","OUT","2026-04-02 13:05:45"
"406","comdesign_02/04","OUT","2026-04-02 13:05:46"
"407","comdesign_02/04","OUT","2026-04-02 13:05:47"
"408","comdesign_02/04","OUT","2026-04-02 13:05:48"
"409","comdesign_02/04","OUT","2026-04-02 13:05:49"
"410","comdesign_02/04","OUT","2026-04-02 13:05:50"
"411","comdesign_02/04","OUT","2026-04-02 13:05:51"
"412","comdesign_02/04","IN","2026-04-02 13:05:52"
"413","comdesign_02/04","OUT","2026-04-02 13:05:53"
"414","comdesign_02/04","IN","2026-04-02 13:05:54"
"415","comdesign_02/04","IN","2026-04-02 13:05:55"
"416","comdesign_02/04","IN","2026-04-02 13:05:56"
"417","comdesign_02/04","IN","2026-04-02 13:05:57"
"418","comdesign_02/04","IN","2026-04-02 13:05:58"
"419","comdesign_02/04","IN","2026-04-02 13:05:59"
"420","comdesign_02/04","OUT","2026-04-02 13:06:00"
"421","comdesign_02/04","OUT","2026-04-02 13:06:01"
"422","comdesign_02/04","IN","2026-04-02 13:06:02"
"423","comdesign_02/04","IN","2026-04-02 13:06:03"
"424","comdesign_02/04","IN","2026-04-02 13:06:04"
"425","comdesign_02/04","IN","2026-04-02 13:06:05"
"426","comdesign_02/04","IN","2026-04-02 13:06:06"
"427","comdesign_02/04","OUT","2026-04-02 13:06:07"
"428","comdesign_02/04","OUT","2026-04-02 13:06:08"
"429","comdesign_02/04","OUT","2026-04-02 13:06:09"
"430","comdesign_02/04","IN","2026-04-02 13:06:10"
"431","comdesign_02/04","IN","2026-04-02 13:06:11"
"432","comdesign_02/04","OUT","2026-04-02 13:06:12"
"433","comdesign_02/04","OUT","2026-04-02 13:06:13"
"434","comdesign_02/04","OUT","2026-04-02 13:06:14"
"435","comdesign_02/04","OUT","2026-04-02 13:06:15"
"436","comdesign_02/04","OUT","2026-04-02 13:06:16"
"437","comdesign_02/04","OUT","2026-04-02 13:06:19"
"438","comdesign_02/04","OUT","2026-04-02 13:06:20"
"439","comdesign_02/04","OUT","2026-04-02 13:06:21"
"440","comdesign_02/04","OUT","2026-04-02 13:06:22"
"441","comdesign_02/04","OUT","2026-04-02 13:06:23"
"442","comdesign_02/04","OUT","2026-04-02 13:06:24"
"443","comdesign_02/04","OUT","2026-04-02 13:06:25"
"444","comdesign_02/04","OUT","2026-04-02 13:06:30"
"445","comdesign_02/04","OUT","2026-04-02 13:06:32"
"446","comdesign_02/04","IN","2026-04-02 13:06:37"
"447","comdesign_02/04","OUT","2026-04-02 13:06:41"
"448","comdesign_02/04","OUT","2026-04-02 13:06:45"
"449","comdesign_02/04","OUT","2026-04-02 13:06:54"
"450","comdesign_02/04","OUT","2026-04-02 13:06:56"
"451","comdesign_02/04","OUT","2026-04-02 13:06:57"
"452","comdesign_02/04","OUT","2026-04-02 13:06:58"
"453","comdesign_02/04","OUT","2026-04-02 13:07:01"
"454","comdesign_02/04","OUT","2026-04-02 13:07:03"
"455","comdesign_02/04","OUT","2026-04-02 13:07:06"
"456","comdesign_02/04","OUT","2026-04-02 13:07:09"
"457","comdesign_02/04","OUT","2026-04-02 13:07:10"
"458","comdesign_02/04","OUT","2026-04-02 13:07:11"
"459","comdesign_02/04","OUT","2026-04-02 13:07:13"
"460","comdesign_02/04","OUT","2026-04-02 13:07:17"
"461","comdesign_02/04","OUT","2026-04-02 13:07:18"
"462","comdesign_02/04","OUT","2026-04-02 13:07:20"
"463","comdesign_02/04","OUT","2026-04-02 13:07:21"
"464","comdesign_02/04","OUT","2026-04-02 13:07:22"
"465","comdesign_02/04","OUT","2026-04-02 13:07:24"
"466","comdesign_02/04","OUT","2026-04-02 13:07:33"
"467","comdesign_02/04","OUT","2026-04-02 13:07:34"
"468","comdesign_02/04","OUT","2026-04-02 13:07:36"
"469","comdesign_02/04","OUT","2026-04-02 13:07:38"
"470","comdesign_02/04","OUT","2026-04-02 13:07:43"
"471","comdesign_02/04","OUT","2026-04-02 13:07:45"
"472","comdesign_02/04","OUT","2026-04-02 13:07:54"
"473","comdesign_02/04","OUT","2026-04-02 13:07:55"
"474","comdesign_02/04","IN","2026-04-02 13:07:56"
"475","comdesign_02/04","IN","2026-04-02 13:07:57"
"476","comdesign_02/04","IN","2026-04-02 13:07:58"
"477","comdesign_02/04","OUT","2026-04-02 13:08:00"
"478","comdesign_02/04","IN","2026-04-02 13:08:08"
"479","comdesign_02/04","IN","2026-04-02 13:08:24"
"480","comdesign_02/04","IN","2026-04-02 13:09:18"
"481","comdesign_02/04","OUT","2026-04-02 13:09:24"
"482","comdesign_02/04","OUT","2026-04-02 13:09:35"
"483","comdesign_02/04","OUT","2026-04-02 13:09:59"
"484","comdesign_02/04","OUT","2026-04-02 13:10:10"
"485","comdesign_02/04","OUT","2026-04-02 13:10:13"
"486","comdesign_02/04","OUT","2026-04-02 13:10:15"
"487","comdesign_02/04","OUT","2026-04-02 13:10:22"
"488","comdesign_02/04","OUT","2026-04-02 13:10:25"
"489","comdesign_02/04","IN","2026-04-02 13:10:28"
"490","comdesign_02/04","OUT","2026-04-02 13:10:42"
"491","comdesign_02/04","OUT","2026-04-02 13:11:02"
"492","comdesign_02/04","OUT","2026-04-02 13:11:04"
"493","comdesign_02/04","OUT","2026-04-02 13:11:05"
"494","comdesign_02/04","IN","2026-04-02 13:11:06"
"495","comdesign_02/04","IN","2026-04-02 13:11:07"
"496","comdesign_02/04","IN","2026-04-02 13:11:09"
"497","comdesign_02/04","IN","2026-04-02 13:11:11"
"498","comdesign_02/04","IN","2026-04-02 13:11:13"
"499","comdesign_02/04","IN","2026-04-02 13:11:15"
"500","comdesign_02/04","IN","2026-04-02 13:11:17"
"501","comdesign_02/04","IN","2026-04-02 13:11:19"
"502","comdesign_02/04","IN","2026-04-02 13:11:20"
"503","comdesign_02/04","IN","2026-04-02 13:11:21"
"504","comdesign_02/04","OUT","2026-04-02 13:11:22"
"505","comdesign_02/04","OUT","2026-04-02 13:11:25"
"506","comdesign_02/04","IN","2026-04-02 13:11:27"
"507","comdesign_02/04","IN","2026-04-02 13:11:34"
"508","comdesign_02/04","IN","2026-04-02 13:11:38"
"509","comdesign_02/04","IN","2026-04-02 13:11:42"
"510","comdesign_02/04","IN","2026-04-02 13:11:44"
"511","comdesign_02/04","IN","2026-04-02 13:11:46"
